{
    "$schema": "./node_modules/@angular/cli/lib/config/schema.json",
    "project": {
        "version": "1.0.0-beta.32.3",
        "name": "mdrapp"
    },
    "apps": [{
        "root": "src",
        "outDir": "../Server/wwwroot",
        "assets": [
            "assets",
            "favicon.ico"
        ],
        "index": "index.html",
        "main": "main.ts",
        "polyfills": "polyfills.ts",
        "test": "test.ts",
        "tsconfig": "tsconfig.json",
        "prefix": "app",
        "styles": [
            "styles/mdrapp.scss"
        ],
        "scripts": [],
        "environmentSource": "environments/environment.ts",
        "environments": {
            "dev": "environments/environment.ts",
            "prod": "environments/environment.prod.ts"
        }
    }],
    "e2e": {
        "protractor": {
            "config": "./protractor.conf.js"
        }
    },
    "lint": [{
            "files": "src/**/*.ts",
            "project": "src/tsconfig.json"
        },
        {
            "files": "e2e/**/*.ts",
            "project": "e2e/tsconfig.json"
        }
    ],
    "test": {
        "karma": {
            "config": "./karma.conf.js"
        }
    },
    "defaults": {
        "styleExt": "scss",
        "component": {}
    }
}